,mean,sd,skew,excess_kurtosis,min,max,zero_share
usdidr,0.0001,0.0049,-0.3626,3.1196,-0.0249,0.0208,0.0
indonia,0.0032,0.0649,0.1566,31.5935,-0.7118,0.6801,0.0
bi_rate,0.1305,0.3833,2.0179,3.8474,-0.5,1.5,0.5459
sp500,0.0005,0.0106,-0.4443,3.7306,-0.0716,0.054,0.0268
oil_wti,0.0004,0.024,-0.5538,3.0544,-0.14,0.1214,0.031
dxy,0.0002,0.0044,-0.2217,1.9081,-0.0214,0.0186,0.0372
vix,19.4599,5.2475,0.7991,0.1217,11.86,38.57,0.0
ust10y,0.0038,0.0656,-0.1666,1.4537,-0.3,0.28,0.0918
fed_funds_rate,0.2838,0.5554,1.0257,0.4705,-0.75,2.0,0.3168
epu,-0.1879,98.5449,-0.1588,22.9412,-952.78,872.82,0.0
