,train,test (report only),all
n,969.0,347.0,1316.0
mean,0.00017440132039347564,-0.0005643356228149831,-2.0387220102979645e-05
sd,0.007860546335572998,0.015498102006172474,0.010430160518065296
annual_vol,0.12478230463815734,0.24602474221106152,0.16557366519171232
skew,-0.38275629165632563,-0.7228369272037779,-0.8094403986439072
excess_kurtosis,2.03296104413771,5.513143714467198,9.133628655973308
min,-0.0451552270592632,-0.0823184303818056,-0.0823184303818056
max,0.0344031653654539,0.0729909205267862,0.0729909205267862
share_up,0.5283797729618163,0.515850144092219,0.5250759878419453
jarque_bera_p,1.7175434951030088e-41,2.3699356839833412e-99,0.0
