,pearson,p_pearson,spearman,p_spearman,p_spearman_bh,mutual_info,mi_shuffled_floor
sp500,0.1885,0.0,0.1902,0.0,0.0,0.0194,0.0067
dxy,-0.1584,0.0,-0.1608,0.0,0.0,0.0055,0.0103
oil_wti,0.0574,0.0739,0.075,0.0196,0.0652,0.0,0.0096
ust10y,-0.0291,0.3652,-0.063,0.0501,0.1252,0.0,0.0118
vix,-0.0451,0.1603,-0.0202,0.5294,0.9482,0.0165,0.0165
indonia,-0.0338,0.2928,0.0141,0.6613,0.9482,0.0,0.0064
bi_rate,-0.0209,0.5155,0.0108,0.7365,0.9482,0.0,0.0063
epu,-0.0074,0.818,-0.0054,0.8672,0.9482,0.0141,0.0106
fed_funds_rate,-0.0096,0.7664,-0.0025,0.9376,0.9482,0.0084,0.0084
usdidr,-0.0055,0.8642,0.0021,0.9482,0.9482,0.0,0.0099
