Date,model,pred,actual
2025-01-02,arimax,-0.0021880487420520203,0.0116970582318742
2025-01-03,arimax,-0.0030373704588897623,0.0001708755364671
2025-01-06,arimax,0.0025983358392513214,-0.0117875212396114
2025-01-07,arimax,0.0023941146856448995,0.0003967956203343
2025-01-08,arimax,-0.0014415819392852467,-0.0004140361839883
2025-01-09,arimax,-0.000800927477674991,-0.0022289478425765
2025-01-10,arimax,-2.319638267580562e-05,0.0034307306119174
2025-01-13,arimax,-0.0023085032783335254,-0.0102068950009197
2025-01-14,arimax,-0.00012761316866451112,-0.008618320466688
2025-01-15,arimax,0.0026854043136536657,0.017511844582712
2025-01-16,arimax,0.0017109860659589324,0.0039412007770192
2025-01-17,arimax,0.0012376264124211865,0.0066103976969955
2025-01-20,arimax,0.00022005004730232737,0.0022447716116733
2025-01-21,arimax,-0.0004093821733677142,0.0015443952311642
2025-01-22,arimax,0.0034724518949014937,0.0104313402368703
2025-01-23,arimax,0.0006118132059555218,-0.0033796098769087
2025-01-24,arimax,0.0013885842789904959,-0.0092490839255319
2025-01-30,arimax,0.00044604542994113733,-0.0130031542140969
2025-01-31,arimax,-0.0003249971487551789,0.005036828651999
2025-02-03,arimax,-0.0018241532964105743,-0.0111941580829419
2025-02-04,arimax,-0.0006812112916025635,0.0061546372624921
2025-02-05,arimax,0.0022505884207461987,-0.0069842885737472
2025-02-06,arimax,0.002086445807805821,-0.0213956963687795
2025-02-07,arimax,0.0018082115513276685,-0.0195275502239837
2025-02-10,arimax,0.0007525303942681175,-0.0141046425960791
2025-02-11,arimax,0.0011698953729883583,-0.017625750583134
2025-02-12,arimax,0.003421773083392708,0.017270060485508
2025-02-13,arimax,-0.001384692968535984,-0.0048584636101125
2025-02-14,arimax,0.0028478543188738548,0.0037565789481757
2025-02-17,arimax,0.001268496477615943,0.0285739215045204
2025-02-18,arimax,-0.002389490304665669,0.0062275457498319
2025-02-19,arimax,-0.0003070841763485687,-0.0115136776304805
2025-02-20,arimax,0.0013336328857099732,-0.0010051119194862
2025-02-21,arimax,0.00037229849281199886,0.0022013013202872
2025-02-24,arimax,-0.0027787648808890336,-0.0078804318894967
2025-02-25,arimax,-8.689296781210008e-05,-0.0243721986636309
2025-02-26,arimax,0.0019071525217835468,0.0028941011525738
2025-02-27,arimax,0.0007859967761553179,-0.0184443702875487
2025-02-28,arimax,-0.0013404644091994334,-0.0336893430137443
2025-03-03,arimax,0.002933807766349511,0.0389503595209799
2025-03-04,arimax,-0.004551227921924564,-0.0215910226637365
2025-03-05,arimax,0.0029063148871141344,0.0233902218715034
2025-03-06,arimax,0.0009139679650828204,0.0131489649077423
2025-03-07,arimax,-1.669698889138877e-05,0.002739256481842
2025-03-10,arimax,0.0018944541526457759,-0.0057106821135857
2025-03-11,arimax,-0.003215007516543516,-0.0079674142364716
2025-03-12,arimax,0.0007918871912618146,0.018045417596058
2025-03-13,arimax,0.000572954094447361,-0.002648336589333
2025-03-14,arimax,-0.0015039539249769506,-0.0200243192655662
2025-03-17,arimax,0.003947203596780979,-0.0067270815223015
2025-03-18,arimax,0.0014906839380281628,-0.0391624737037581
2025-03-19,arimax,0.0023284841927853892,0.0140842587025709
2025-03-20,arimax,0.00021154534100598045,0.0110316772571863
2025-03-21,arimax,-0.001730781101420336,-0.0195411383943717
2025-03-24,arimax,0.0015580345267395767,-0.0156148315582882
2025-03-25,arimax,0.002222133842216723,0.0120034265236341
2025-03-26,arimax,-0.00020535821604251417,0.0372623027610927
2025-03-27,arimax,-0.004690695854478783,0.0058945299952295
2025-04-08,arimax,-0.0033669819924644273,-0.0823184303818056
2025-04-09,arimax,-0.003851984536660998,-0.0047064599132049
2025-04-10,arimax,0.012900843695614162,0.0468152672196158
2025-04-11,arimax,-0.001705838414462217,0.0013106401057214
2025-04-14,arimax,0.005506941403061639,0.0168309217293725
2025-04-15,arimax,0.0017635523859291886,0.0114232112107028
2025-04-16,arimax,-0.0024831794666937716,-0.0064833987929997
2025-04-17,arimax,-0.0010275051450081818,0.0059532628824605
2025-04-21,arimax,0.0007433869785526534,0.0011949105741084
2025-04-22,arimax,-0.0007807187137232889,0.0142173776108567
2025-04-23,arimax,0.001299968149809602,0.0145927502790428
2025-04-24,arimax,-0.0005464846087054021,-0.0031550682202539
2025-04-25,arimax,0.0036746987818177864,0.0098458629711792
2025-04-28,arimax,-0.00038250533463747913,0.006573844425505
2025-04-29,arimax,-9.580696373823135e-05,0.0038760879155237
2025-04-30,arimax,-4.449845305424258e-05,0.0026220637755631
2025-05-02,arimax,-0.0008791883629196285,0.0072056220290583
2025-05-05,arimax,0.0018319880042799224,0.0023772792266765
2025-05-06,arimax,-0.0001294340666625572,0.009649588404585
2025-05-07,arimax,-0.00041704051221553445,0.0040549050036204
2025-05-08,arimax,-0.0005347302951973752,-0.0143197555163254
2025-05-09,arimax,-5.61054015470186e-06,0.000739826975435
2025-05-14,arimax,6.739308981630853e-05,0.0212966905653591
2025-05-15,arimax,0.002413504718724826,0.0085993502315222
2025-05-16,arimax,0.0012783253463662086,0.0093824416812147
2025-05-19,arimax,-0.00015511167346818436,0.0048520408637386
2025-05-20,arimax,0.0014220138872927176,-0.0065313202824039
2025-05-21,arimax,0.0016134456903289128,0.0067231657302215
2025-05-22,arimax,-0.0009153005609991301,0.0034271138890193
2025-05-23,arimax,-0.00034531927086880494,0.0065616891192679
2025-05-26,arimax,0.0007979256118288239,-0.0035841079461444
2025-05-27,arimax,0.0004778460866346004,0.0014754341442824
2025-05-28,arimax,0.0017104848130026656,-0.0032206350480148
2025-06-02,arimax,-0.0013768759906498899,-0.015554119262596
2025-06-03,arimax,0.005304696367690955,-0.0028699137006142
2025-06-04,arimax,0.0006008047054435902,0.0034314294887476
2025-06-05,arimax,0.0011165933392767626,0.0062595394951845
2025-06-10,arimax,-0.00041704977919380926,0.0163582736823411
2025-06-11,arimax,0.0009487296405663889,-0.0011470211076733
2025-06-12,arimax,0.00268842149889086,-0.0025072662218459
2025-06-13,arimax,0.00240862401123881,-0.0053311213400526
2025-06-16,arimax,0.0008010524106359796,-0.0067873810453846
2025-06-17,arimax,0.0015518723357414465,0.0053611903529411
2025-06-18,arimax,-0.0024221608171117255,-0.0067392568009996
2025-06-19,arimax,0.0014947015238119187,-0.0197712705179995
2025-06-20,arimax,0.001987399750986868,-0.0088645670465989
2025-06-23,arimax,0.0015204723087948089,-0.0175257308950307
2025-06-24,arimax,0.0030362986721714858,0.0120137492667478
2025-06-25,arimax,0.0014097859440375285,-0.0054050176897106
2025-06-26,arimax,0.0011375902333786883,0.0095061179390167
2025-06-30,arimax,0.0016651862207878753,0.004380350386107
2025-07-01,arimax,0.0008014324314711586,-0.0017798604965406
2025-07-02,arimax,0.0017351426732761907,-0.0049453928224298
2025-07-03,arimax,0.002236722315957271,-0.0004643167816826
2025-07-04,arimax,0.00041793890548616193,-0.0018713037053217
2025-07-07,arimax,0.00044004372189314627,0.0051925022056593
2025-07-08,arimax,-0.0019935840078242274,0.0005012502357963
2025-07-09,arimax,0.0006359398184791675,0.0057089827138572
2025-07-10,arimax,0.0005838039720433566,0.0088104273642795
2025-07-11,arimax,-0.0006093802105252002,0.0059869909197001
2025-07-14,arimax,-0.0004598105022092544,0.0070292739912503
2025-07-15,arimax,-0.000680033515162548,0.0060857588114657
2025-07-16,arimax,-0.0017729332121440248,0.007192631518972
2025-07-17,arimax,0.0010849682901553858,0.0131230108119364
2025-07-18,arimax,0.000649523886808697,0.0034103947077941
2025-07-21,arimax,0.0014609432524297216,0.0117304170776222
2025-07-22,arimax,0.0010387965091769617,-0.0072517874216782
2025-07-23,arimax,0.0021474000077207744,0.0168080678781752
2025-07-24,arimax,0.0010283414130539859,0.0082228907284616
2025-07-25,arimax,-0.00026162706079440045,0.0016718507076642
2025-07-28,arimax,0.00011575819298492936,0.0094028747482237
2025-07-29,arimax,-0.002238084162340863,0.0004121613755039
2025-07-30,arimax,0.00010441645127945491,-0.0089689367628551
2025-07-31,arimax,-0.00097921578426247,-0.0087203277194465
2025-08-01,arimax,0.00015349463897503337,0.0071137004747967
2025-08-04,arimax,5.386452546032416e-05,-0.0097482485675808
2025-08-05,arimax,0.002566584309954255,0.0067477709114527
2025-08-06,arimax,-0.0001235509327138585,-0.0015227525465348
2025-08-07,arimax,0.0027055638663968395,-0.0018096516955576
2025-08-08,arimax,0.00031891087209497604,0.0057512009938207
2025-08-11,arimax,0.0018673409381837103,0.0095830782599382
2025-08-12,arimax,-0.0017473145439057007,0.0241311278289817
2025-08-13,arimax,0.0009829835709531571,0.0129063807043898
2025-08-14,arimax,0.0004753040016984984,0.0048457439335116
2025-08-15,arimax,-0.0007052742948128233,-0.0041537334969223
2025-08-19,arimax,0.0014167414098054814,-0.0044952873774004
2025-08-20,arimax,-0.0007357627262727568,0.0102331671478239
2025-08-21,arimax,0.0004071062308671306,-0.0067081898930219
2025-08-22,arimax,0.0015263881930584488,-0.0040463099963083
2025-08-25,arimax,0.004916313565359058,0.0086225283194742
2025-08-26,arimax,-0.002402043760419395,-0.0026717428125593
2025-08-27,arimax,0.0012614474327216577,0.0038403120922723
2025-08-28,arimax,0.0007061701624244093,0.0020030023448232
2025-08-29,arimax,0.0011156359027746357,-0.0154090300018463
2025-09-01,arimax,-7.100233853734325e-05,-0.01213221288363
2025-09-02,arimax,0.0021304675433898037,0.008433634121685
2025-09-03,arimax,-0.0017186586683417826,0.010744723318707
2025-09-04,arimax,0.0007926212936736693,-0.0023505883385706
2025-09-08,arimax,0.0005907506630690132,-0.0128564845395935
2025-09-09,arimax,0.002719839144407668,-0.0179595685239828
2025-09-10,arimax,0.0015673089586346603,0.0091863431049699
2025-09-11,arimax,5.667954838232329e-05,0.0063311183166856
2025-09-12,arimax,0.001383763577333215,0.0136081464947483
2025-09-15,arimax,-0.000319734085010441,0.0105196547403974
2025-09-16,arimax,0.0009858682727318154,0.0025892279406942
2025-09-17,arimax,0.0015689647855365368,0.0084445132000361
2025-09-18,arimax,0.00041039193861444796,-0.0020888742375611
2025-09-19,arimax,0.002509942661515434,0.005315859502522
2025-09-22,arimax,0.0006044741342484605,-0.0013770424534698
2025-09-23,arimax,0.001314244707677937,0.0105365458256976
2025-09-24,arimax,4.6381100464243656e-05,0.0001669891331452
2025-09-25,arimax,-0.00018850064523338105,-0.0106256805864397
2025-09-26,arimax,-6.897335551957738e-05,0.0072699175019987
2025-09-29,arimax,0.0015650200721020505,0.0029480057372595
2025-09-30,arimax,0.0010943390646122033,-0.0076844082315723
2025-10-01,arimax,0.0017070960297419805,-0.0021409953882773
2025-10-02,arimax,0.0011500332356933502,0.0033831173079352
2025-10-03,arimax,-7.166537813216477e-05,0.0058334358833693
2025-10-06,arimax,0.0003927005585205339,0.0026562942133327
2025-10-07,arimax,0.00040523184636948647,0.0036037078399111
2025-10-08,arimax,-0.0008101475500870764,-0.0003981501732752
2025-10-09,arimax,0.0007311282756923375,0.0103442278498011
2025-10-10,arimax,-0.0020510191746754185,0.0008384497654123
2025-10-13,arimax,-0.002296542453064511,-0.0037193991495154
2025-10-14,arimax,0.0018155614635092892,-0.0197235921681198
2025-10-15,arimax,0.0021327297379699424,-0.0019043878066504
2025-10-16,arimax,0.00233963821000795,0.009097780630352
2025-10-17,arimax,-0.0005704043561010232,-0.0260732594808548
2025-10-20,arimax,0.0026089933912546593,0.021659857267144
2025-10-21,arimax,0.0001240645309060792,0.0182653930452687
2025-10-22,arimax,-0.001331000595607863,-0.0104366336701708
2025-10-23,arimax,0.0010825541536514064,0.014829400120826
2025-10-24,arimax,6.047785976400085e-05,-0.0003178860381147
2025-10-27,arimax,0.0013541506935316045,-0.0188634555075708
2025-10-28,arimax,0.0035687223436455555,-0.0030255798274509
2025-10-29,arimax,0.0011933837607441546,0.0090530023680397
2025-10-30,arimax,-0.0008220883294724758,0.0021822062994498
2025-10-31,arimax,-0.0015140937120990583,-0.0024699107515218
2025-11-03,arimax,-3.885842564050842e-05,0.0135301366724256
2025-11-04,arimax,6.155780574462516e-05,-0.0040168197581156
2025-11-05,arimax,-0.001618809796583753,0.009252869194519
2025-11-06,arimax,0.00012370006178345045,0.0022252306090333
2025-11-07,arimax,-6.54027258267041e-05,0.0068770817030365
2025-11-10,arimax,-1.1213096435541562e-06,-0.0003990996458167
2025-11-11,arimax,0.0022825283007205117,-0.0029509446883668
2025-11-12,arimax,0.001607348424325249,0.0026322487456909
2025-11-13,arimax,0.00013405940751427483,-0.0019769486033034
2025-11-14,arimax,-0.0009556860448766975,-0.0001867681262819
2025-11-17,arimax,8.54513004977801e-05,0.0055335115811274
2025-11-18,arimax,-0.002162009815064089,-0.0065506742148784
2025-11-19,arimax,-0.00031346105518499596,0.005325636153648
2025-11-20,arimax,-0.0007113099612350179,0.0015855764645049
2025-11-21,arimax,-0.0019801896419988827,-0.0006612024599927
2025-11-24,arimax,0.00021331582659103832,0.0183585921689175
2025-11-25,arimax,0.0011918779900727096,-0.0056598265054432
2025-11-26,arimax,0.0027055240186688173,0.0093723003896553
2025-11-27,arimax,0.0002892434270858309,-0.0065622657301673
2025-11-28,arimax,0.0009780179962342456,-0.0043576866120282
2025-12-01,arimax,0.0011662362552368349,0.0046996475206491
2025-12-02,arimax,-0.00015967829821441053,0.0079524541872277
2025-12-03,arimax,-0.00033244654485380543,-0.0006101237883484
2025-12-04,arimax,0.0020432199993904955,0.0032934422333177
2025-12-05,arimax,0.00013261448004657023,-0.0008609466602429
2025-12-08,arimax,0.0005471451726073406,0.0089872623583673
2025-12-09,arimax,-0.0009305628145710478,-0.0061627313587031
2025-12-10,arimax,9.649356297762449e-05,0.0050403216250725
2025-12-11,arimax,0.0014790683343402467,-0.0092882719235358
2025-12-12,arimax,0.0018252381272076596,0.0046314096273185
2025-12-15,arimax,-0.0013422330506732616,-0.00125208718684
2025-12-16,arimax,0.00033724231051760845,0.0042462411281096
2025-12-17,arimax,-0.0009747613596175544,-0.0010509240138478
2025-12-18,arimax,-0.0018335462666402588,-0.0068398725372968
2025-12-19,arimax,0.0007861297215606352,-0.0010035592501171
2025-12-22,arimax,0.0011420841183771152,0.0042065711336825
2025-12-23,arimax,0.0012969254891290357,-0.0070875868507034
2025-12-24,arimax,0.00227020166760457,-0.0054747474404788
2025-12-29,arimax,0.00015908173786345105,0.0123786580064475
2025-12-30,arimax,-0.001285650637205839,0.0003102870925975
2026-01-02,arimax,-0.00020759892501287654,0.0116348481606927
2026-01-05,arimax,-0.0010620725738920717,0.0126153239393822
2026-01-06,arimax,0.00045384663239214336,0.0083650015085705
2026-01-07,arimax,0.00023925633718653117,0.0012533659285551
2026-01-08,arimax,-0.0006185188396130971,-0.0021647983654791
2026-01-09,arimax,-0.00027933626977819526,0.0012633593936364
2026-01-12,arimax,0.0008113245555416831,-0.0058391792235212
2026-01-13,arimax,0.0013785368854106058,0.0071306293947106
2026-01-14,arimax,-0.0011380350034383355,0.009374606331697
2026-01-15,arimax,-0.0013141714450858552,0.004729662971707
2026-01-19,arimax,-0.0006108592978864544,0.0064216707143742
2026-01-20,arimax,-0.0001951102483603088,9.055424603765516e-05
2026-01-21,arimax,-0.0003545442809244333,-0.0137086643583064
2026-01-22,arimax,0.0019318597410758478,-0.0020161037952419
2026-01-23,arimax,0.0017321408296007812,-0.0045892528984463
2026-01-26,arimax,0.0022064171947530045,0.0027137975281075
2026-01-27,arimax,0.0015208536714855184,0.0005454002305693
2026-01-28,arimax,0.0023506059719482874,-0.0762965075072994
2026-01-29,arimax,0.005511812249142078,-0.0106753658730536
2026-01-30,arimax,0.001068375230003854,0.0117625363260511
2026-02-02,arimax,-0.0031587447001113923,-0.0500802454046525
2026-02-03,arimax,0.0028718158894099005,0.0249139871077321
2026-02-04,arimax,-0.0022027209394464924,0.002965047773868
2026-02-05,arimax,-0.001214906769459387,-0.0052721747108535
2026-02-06,arimax,-0.00214069985920055,-0.0210267342368002
2026-02-09,arimax,0.004589795904284809,0.0121017883621323
2026-02-10,arimax,0.0016559844277149554,0.0123567728975704
2026-02-11,arimax,-0.001115816825171927,0.0193918152297971
2026-02-12,arimax,-0.0014922831798212766,-0.0030941999547735
2026-02-13,arimax,-0.0024242122051384147,-0.0064427085848546
2026-02-18,arimax,0.00011225212077598396,0.0118573142533211
2026-02-19,arimax,-0.001020025330374773,-0.0043590080309741
2026-02-20,arimax,-0.0008582619887836576,-0.000279762413891
2026-02-23,arimax,0.0009862987813652273,0.0149170702985834
2026-02-24,arimax,-0.0030813558718908816,-0.0138216040430538
2026-02-25,arimax,0.0013998828623549473,0.0049865012581733
2026-02-26,arimax,0.0010865943661739885,-0.0105049250097266
2026-02-27,arimax,0.00010969019253428524,2.715515107531985e-05
2026-03-02,arimax,-0.0005393613834932809,-0.0269088424609638
2026-03-03,arimax,0.0012825268017069642,-0.0096595160277015
2026-03-04,arimax,-0.0015584876678795875,-0.0467581561674794
2026-03-05,arimax,0.005672098724596347,0.0174620642518892
2026-03-06,arimax,-0.0022806189886584514,-0.0163246653962403
2026-03-09,arimax,0.002218106759224345,-0.0332828330760488
2026-03-10,arimax,0.002289679227386608,0.0140132172511151
2026-03-11,arimax,-0.0004253960887170092,-0.0069471724265692
2026-03-12,arimax,0.000727158603349095,-0.003698842773339
2026-03-13,arimax,-0.0014495292030305485,-0.0310253408547289
2026-03-16,arimax,0.0006478535552494188,-0.016233108765423
2026-03-17,arimax,0.0026258435885834447,0.0119684380793412
2026-03-25,arimax,-0.003740872800369058,0.0271073255589158
2026-03-26,arimax,0.00034185360099819265,-0.019083705300412
2026-03-27,arimax,-0.0005291323772136304,-0.0094009522004299
2026-03-30,arimax,-0.0002583817703635565,-0.0007593644265408
2026-03-31,arimax,-0.0010938488397207627,-0.0061454345434519
2026-04-01,arimax,0.005230456100994757,0.0191418860632737
2026-04-02,arimax,-0.00035372044399893774,-0.022188415554547
2026-04-06,arimax,0.0013259119918478499,-0.0053304765091102
2026-04-07,arimax,0.0013004276294751196,-0.0026358653136373
2026-04-08,arimax,0.0014809307951311726,0.0432596613601088
2026-04-09,arimax,-0.0005617341132697234,0.0038911787097148
2026-04-10,arimax,0.0014279773611091198,0.0204404188580227
2026-04-13,arimax,-0.0008422025872116642,0.0055741572468317
2026-04-14,arimax,0.0011091313368398366,0.023164261856122
2026-04-15,arimax,-0.0005581084581490045,-0.0068453625076774
2026-04-16,arimax,0.0036708695220568706,-0.0002891579189423
2026-04-17,arimax,0.00021478014410215152,0.0016547694572945
2026-04-20,arimax,0.0016467350470310677,-0.0052394085980331
2026-04-21,arimax,-0.00013086550150239807,-0.0045838966718765
2026-04-22,arimax,-0.0007054144902437938,-0.0023532328153912
2026-04-23,arimax,0.001149415396434331,-0.02185120187041
2026-04-24,arimax,0.0007621486416265304,-0.0343449900681473
2026-04-27,arimax,0.0036531815180212467,-0.0032270607239279
2026-04-28,arimax,0.000140130540881703,-0.0048139088993757
2026-04-29,arimax,-0.0007347623188629209,0.0040686892814907
2026-04-30,arimax,-0.0015036812608072107,-0.020547253530287
2026-05-04,arimax,0.002834375689070223,0.0021752021952465
2026-05-05,arimax,0.00034070729206985885,0.0121396420508261
2026-05-06,arimax,0.0012907777220182738,0.0049981598841082
2026-05-07,arimax,0.0045645856218929455,0.0114748890046936
2026-05-08,arimax,-0.0013232312533064537,-0.0289795318978036
2026-05-11,arimax,0.0038291418790303224,-0.0091929735476501
2026-05-12,arimax,0.0008131621843249165,-0.0067886673981139
2026-05-13,arimax,0.0004559204917555608,-0.0199648684016189
2026-05-18,arimax,-0.003797334127064485,-0.0186275276055187
2026-05-19,arimax,0.003842142658209439,-0.0352484378210498
2026-05-20,arimax,0.0012702151563550024,-0.0082242503645879
2026-05-21,arimax,-0.0025084617037572157,-0.0360227688547514
2026-05-22,arimax,0.0014130882269717741,0.0109496209313011
2026-05-25,arimax,-0.00043622206908229224,0.007164129563872
2026-05-26,arimax,-0.0014067000908266755,-0.0123470848414299
2026-05-29,arimax,0.0014438437747054543,-0.0004583423789394
2026-06-02,arimax,-0.0012386428695659378,0.011044007531467
2026-06-03,arimax,-0.0008451779900434696,-0.0419228354228486
2026-06-04,arimax,0.0029851605342030413,-0.0171945568951965
2026-06-05,arimax,0.00243808166652045,-0.0428626443186885
2026-06-08,arimax,-0.0016229008910973578,-0.0462055645925421
2026-06-09,arimax,0.003052587922197802,0.0729909205267862
2026-06-10,arimax,-0.008304002186804719,0.0267382582729336
2026-06-11,arimax,-0.006083044096383194,-0.00277285282122
2026-06-12,arimax,0.0008540469485999024,0.0204524912516355
2026-06-15,arimax,-0.0011720955332619163,0.04034106335647
2026-06-17,arimax,-0.002890780377689117,-0.005486771113377
2026-06-18,arimax,-0.004150806735231303,-0.0078109132510668
2026-06-19,arimax,-0.0025808482622124295,0.000777250059917
2026-06-22,arimax,0.0018876939658985263,-0.0098341542611528
2026-06-23,arimax,0.0014339250297233635,-0.0025138177829013
2026-06-24,arimax,-0.0010728930067128773,-0.0362907188794174
2026-06-25,arimax,0.00083027013686787,0.0193825830677241
2026-06-26,arimax,-0.00198091920778431,-0.0173022912392326
2026-06-29,arimax,-0.0027332080855943207,-0.0128608480518011
